k,silhouette,db,ch,inertia,space
2,0.0539,4.366,538.7,9499.5,SVD(100)
3,0.0553,4.749,437.7,9255.4,SVD(100)
4,0.0673,4.142,377.8,9076.6,SVD(100)
5,0.0376,4.459,326.1,8961.9,SVD(100)
6,0.0492,4.004,311.7,8796.7,SVD(100)
7,0.0479,4.11,284.6,8702.5,SVD(100)
8,0.0512,4.405,263.7,8617.0,SVD(100)
9,0.0487,4.038,244.9,8547.8,SVD(100)
10,0.0537,4.004,232.8,8466.9,SVD(100)
11,0.0547,4.026,223.4,8385.1,SVD(100)
12,0.064,3.877,213.5,8319.0,SVD(100)
13,0.0648,3.852,206.4,8246.8,SVD(100)
14,0.0604,3.913,195.7,8208.8,SVD(100)
15,0.0633,3.891,188.0,8160.0,SVD(100)
16,0.0653,3.914,182.5,8102.7,SVD(100)
17,0.0726,3.791,178.8,8036.0,SVD(100)
18,0.0657,3.55,174.3,7981.7,SVD(100)
19,0.075,3.757,169.4,7936.2,SVD(100)
20,0.0766,3.656,166.8,7874.9,SVD(100)
21,0.0673,3.644,158.7,7871.7,SVD(100)
22,0.0764,3.544,157.4,7805.0,SVD(100)
23,0.0759,3.561,154.3,7760.1,SVD(100)
24,0.072,3.597,149.0,7743.7,SVD(100)
25,0.0783,3.458,146.9,7695.7,SVD(100)
26,0.0804,3.533,144.9,7648.5,SVD(100)
27,0.0816,3.52,141.0,7626.8,SVD(100)
28,0.0833,3.516,138.4,7593.2,SVD(100)
29,0.0846,3.494,135.5,7565.8,SVD(100)
30,0.0811,3.508,132.8,7538.5,SVD(100)
31,0.0823,3.488,129.9,7516.9,SVD(100)
32,0.0873,3.417,129.0,7469.4,SVD(100)
33,0.0826,3.468,125.5,7461.3,SVD(100)
34,0.0894,3.434,124.9,7413.8,SVD(100)
35,0.081,3.413,121.5,7409.2,SVD(100)
36,0.0828,3.353,119.6,7384.0,SVD(100)
37,0.0887,3.344,117.6,7361.7,SVD(100)
38,0.0823,3.34,115.0,7353.1,SVD(100)
39,0.0926,3.31,114.7,7306.3,SVD(100)
40,0.0834,3.297,113.4,7278.7,SVD(100)
41,0.0883,3.261,112.2,7249.3,SVD(100)
42,0.0823,3.304,109.0,7257.6,SVD(100)
43,0.0921,3.214,108.7,7215.9,SVD(100)
44,0.0877,3.183,106.7,7205.1,SVD(100)
45,0.0938,3.207,105.8,7177.2,SVD(100)
46,0.0889,3.259,104.0,7165.7,SVD(100)
47,0.0866,3.172,102.6,7148.7,SVD(100)
48,0.0944,3.137,101.9,7119.0,SVD(100)
49,0.0936,3.147,100.9,7097.6,SVD(100)
50,0.0932,3.134,99.3,7087.8,SVD(100)
51,0.0873,3.153,97.6,7082.3,SVD(100)
52,0.0833,3.2,96.8,7058.2,SVD(100)
53,0.0883,3.149,95.8,7039.8,SVD(100)
54,0.0888,3.138,94.8,7022.1,SVD(100)
55,0.0916,3.162,93.0,7023.1,SVD(100)
56,0.0885,3.178,92.0,7007.6,SVD(100)
57,0.0908,3.12,91.4,6982.5,SVD(100)
58,0.0922,3.096,90.4,6968.6,SVD(100)
59,0.093,3.11,90.2,6936.2,SVD(100)
60,0.0917,3.092,88.7,6937.3,SVD(100)
61,0.0842,3.103,87.9,6920.9,SVD(100)
62,0.0842,3.117,87.0,6906.3,SVD(100)
63,0.0924,3.102,86.3,6888.2,SVD(100)
64,0.091,3.036,85.4,6877.9,SVD(100)
65,0.0837,3.074,84.3,6872.3,SVD(100)
66,0.0862,3.101,83.6,6854.9,SVD(100)
67,0.0858,3.108,82.8,6843.1,SVD(100)
68,0.0872,3.09,82.3,6823.8,SVD(100)
69,0.0937,3.075,81.0,6826.5,SVD(100)
70,0.0845,3.126,80.2,6817.1,SVD(100)
71,0.0925,3.053,79.4,6807.7,SVD(100)
72,0.095,3.055,79.6,6771.5,SVD(100)
73,0.087,3.075,78.3,6775.9,SVD(100)
74,0.0869,3.076,77.7,6762.8,SVD(100)
75,0.087,3.065,76.8,6758.6,SVD(100)
76,0.09,3.127,76.3,6743.5,SVD(100)
77,0.087,3.087,75.7,6733.2,SVD(100)
78,0.09,3.091,74.9,6727.1,SVD(100)
79,0.0897,3.032,74.6,6708.4,SVD(100)
80,0.088,3.065,73.7,6706.7,SVD(100)
81,0.0878,3.097,73.2,6694.1,SVD(100)
82,0.0885,3.051,72.7,6681.2,SVD(100)
83,0.0844,3.031,72.1,6672.5,SVD(100)
84,0.0914,3.014,71.4,6667.6,SVD(100)
85,0.0836,3.079,70.7,6660.6,SVD(100)
86,0.0894,3.068,70.2,6651.2,SVD(100)
87,0.084,3.012,69.7,6641.5,SVD(100)
88,0.0888,3.103,69.1,6634.5,SVD(100)
89,0.0819,3.128,68.1,6640.8,SVD(100)
90,0.088,3.127,67.9,6621.2,SVD(100)
91,0.0836,3.137,67.0,6627.7,SVD(100)
92,0.0834,3.208,66.8,6610.4,SVD(100)
93,0.0839,3.086,66.5,6595.3,SVD(100)
94,0.0855,3.09,66.2,6581.6,SVD(100)
95,0.0835,3.085,65.5,6579.4,SVD(100)
96,0.0857,3.084,65.0,6572.5,SVD(100)
97,0.0842,3.107,64.5,6568.1,SVD(100)
98,0.085,3.095,64.2,6555.4,SVD(100)
99,0.0861,3.078,63.7,6548.1,SVD(100)
100,0.0849,3.092,63.4,6536.8,SVD(100)
101,0.083,3.113,62.8,6534.7,SVD(100)
102,0.084,3.102,62.5,6523.3,SVD(100)
103,0.0824,3.124,61.9,6524.7,SVD(100)
104,0.0846,3.115,61.6,6511.7,SVD(100)
105,0.0851,3.104,61.2,6504.5,SVD(100)
106,0.0866,3.153,60.5,6507.2,SVD(100)
107,0.0826,3.074,60.5,6486.7,SVD(100)
108,0.0843,3.105,59.9,6488.5,SVD(100)
109,0.0845,3.102,59.7,6476.6,SVD(100)
110,0.0834,3.052,59.2,6471.9,SVD(100)
111,0.0844,3.075,58.9,6464.9,SVD(100)
112,0.0823,3.088,58.3,6465.8,SVD(100)
113,0.0826,3.097,57.9,6459.7,SVD(100)
114,0.0833,3.096,58.0,6438.3,SVD(100)
115,0.0829,3.121,57.3,6444.2,SVD(100)
116,0.0804,3.103,57.1,6433.6,SVD(100)
117,0.0831,3.104,56.6,6433.9,SVD(100)
118,0.0829,3.105,56.2,6429.2,SVD(100)
119,0.0831,3.099,55.9,6419.9,SVD(100)
120,0.0834,3.102,55.5,6418.3,SVD(100)
2,0.0056,12.162,28.1,11766.8,raw TF-IDF
3,0.0081,10.168,28.1,11702.1,raw TF-IDF
4,0.0084,11.394,24.5,11664.3,raw TF-IDF
5,0.0104,9.878,24.5,11608.6,raw TF-IDF
6,0.0023,8.562,23.7,11561.1,raw TF-IDF
7,-0.0008,8.537,20.2,11553.9,raw TF-IDF
8,0.0026,9.369,19.7,11518.9,raw TF-IDF
9,0.003,8.727,18.8,11489.8,raw TF-IDF
10,0.0033,8.852,17.6,11472.6,raw TF-IDF
11,0.0043,9.077,16.6,11459.5,raw TF-IDF
12,0.0044,8.864,15.6,11445.3,raw TF-IDF
13,0.0047,8.514,14.9,11430.7,raw TF-IDF
14,0.0055,8.604,14.4,11416.8,raw TF-IDF
15,0.0064,8.784,13.8,11401.5,raw TF-IDF
16,0.0074,8.415,13.5,11388.8,raw TF-IDF
17,0.0071,8.708,12.8,11381.1,raw TF-IDF
18,0.0082,8.537,12.6,11363.8,raw TF-IDF
19,0.0084,8.245,12.3,11352.4,raw TF-IDF
20,0.0088,8.218,11.9,11345.2,raw TF-IDF
21,0.0085,8.159,11.3,11339.9,raw TF-IDF
22,0.0094,8.377,11.1,11329.4,raw TF-IDF
23,0.0105,8.135,11.1,11310.4,raw TF-IDF
24,0.0086,8.128,10.5,11311.5,raw TF-IDF
25,0.0091,8.11,10.1,11307.0,raw TF-IDF
26,0.0113,7.965,10.2,11288.8,raw TF-IDF
27,0.0108,8.478,9.9,11285.5,raw TF-IDF
28,0.0108,8.117,9.7,11276.4,raw TF-IDF
29,0.0116,8.017,9.5,11268.6,raw TF-IDF
30,0.0118,8.282,9.3,11264.6,raw TF-IDF
31,0.0118,8.285,9.0,11263.6,raw TF-IDF
32,0.0117,7.868,8.9,11248.5,raw TF-IDF
33,0.0121,7.795,8.8,11242.1,raw TF-IDF
34,0.0127,7.895,8.7,11229.0,raw TF-IDF
35,0.0125,7.941,8.5,11230.0,raw TF-IDF
36,0.0137,7.442,8.5,11211.7,raw TF-IDF
37,0.0116,7.815,8.2,11217.7,raw TF-IDF
38,0.014,7.594,8.1,11205.4,raw TF-IDF
39,0.0127,7.648,7.9,11204.2,raw TF-IDF
40,0.0113,7.68,7.9,11197.6,raw TF-IDF
41,0.0125,7.502,7.8,11188.2,raw TF-IDF
42,0.0106,7.647,7.6,11189.6,raw TF-IDF
43,0.014,7.835,7.5,11184.1,raw TF-IDF
44,0.0133,7.601,7.3,11182.0,raw TF-IDF
45,0.0134,7.487,7.3,11171.8,raw TF-IDF
46,0.0138,7.303,7.2,11165.6,raw TF-IDF
47,0.0122,7.632,7.1,11157.8,raw TF-IDF
48,0.0133,7.7,7.1,11154.7,raw TF-IDF
49,0.0139,7.469,6.9,11150.8,raw TF-IDF
50,0.0126,7.497,6.9,11139.2,raw TF-IDF
51,0.0134,7.213,6.8,11138.4,raw TF-IDF
52,0.013,7.325,6.8,11127.7,raw TF-IDF
53,0.0124,7.257,6.7,11122.6,raw TF-IDF
54,0.0102,7.341,6.5,11126.9,raw TF-IDF
55,0.0141,7.205,6.5,11114.2,raw TF-IDF
56,0.0138,7.227,6.5,11106.8,raw TF-IDF
57,0.014,7.136,6.4,11099.7,raw TF-IDF
58,0.0146,7.156,6.3,11105.3,raw TF-IDF
59,0.0141,7.066,6.3,11098.3,raw TF-IDF
60,0.0151,7.354,6.1,11102.9,raw TF-IDF
61,0.0117,6.877,6.1,11089.3,raw TF-IDF
62,0.0153,7.067,6.1,11082.8,raw TF-IDF
63,0.0137,7.147,6.0,11083.7,raw TF-IDF
64,0.0115,6.97,6.0,11070.5,raw TF-IDF
65,0.0151,7.129,5.9,11076.3,raw TF-IDF
66,0.015,7.152,5.8,11074.2,raw TF-IDF
67,0.0154,6.827,5.8,11064.8,raw TF-IDF
68,0.0144,6.99,5.8,11061.8,raw TF-IDF
69,0.0153,6.861,5.7,11054.5,raw TF-IDF
70,0.015,6.859,5.6,11052.6,raw TF-IDF
71,0.0142,6.998,5.5,11061.1,raw TF-IDF
72,0.0152,6.961,5.5,11061.4,raw TF-IDF
73,0.015,6.947,5.4,11054.7,raw TF-IDF
74,0.0152,6.812,5.4,11049.0,raw TF-IDF
75,0.012,6.935,5.4,11039.4,raw TF-IDF
76,0.0147,6.828,5.4,11032.7,raw TF-IDF
77,0.0122,6.835,5.4,11023.1,raw TF-IDF
78,0.0158,6.786,5.3,11032.1,raw TF-IDF
79,0.0166,6.647,5.2,11029.7,raw TF-IDF
80,0.0116,6.664,5.1,11026.1,raw TF-IDF
81,0.014,6.553,5.2,11005.9,raw TF-IDF
82,0.0156,6.645,5.1,11019.7,raw TF-IDF
83,0.0148,6.722,5.1,11010.4,raw TF-IDF
84,0.0127,6.653,5.1,11002.5,raw TF-IDF
85,0.0168,6.753,5.0,11005.4,raw TF-IDF
86,0.0157,6.561,5.0,10997.3,raw TF-IDF
87,0.016,6.602,5.0,11000.2,raw TF-IDF
88,0.0134,6.683,5.0,10986.3,raw TF-IDF
89,0.0148,6.473,4.9,10980.2,raw TF-IDF
90,0.0161,6.522,4.9,10987.0,raw TF-IDF
91,0.0165,6.519,4.8,10982.7,raw TF-IDF
92,0.0167,6.509,4.8,10978.0,raw TF-IDF
93,0.0169,6.501,4.8,10979.0,raw TF-IDF
94,0.017,6.476,4.7,10976.6,raw TF-IDF
95,0.0168,6.477,4.7,10972.0,raw TF-IDF
96,0.0174,6.441,4.7,10968.1,raw TF-IDF
97,0.0179,6.428,4.7,10962.5,raw TF-IDF
98,0.0179,6.421,4.7,10959.9,raw TF-IDF
99,0.0173,6.395,4.6,10955.7,raw TF-IDF
100,0.0174,6.406,4.6,10951.6,raw TF-IDF
101,0.0174,6.404,4.6,10950.1,raw TF-IDF
102,0.0175,6.352,4.6,10943.4,raw TF-IDF
103,0.0177,6.346,4.6,10939.4,raw TF-IDF
104,0.0178,6.336,4.5,10935.7,raw TF-IDF
105,0.0176,6.32,4.5,10934.8,raw TF-IDF
106,0.0175,6.315,4.5,10933.9,raw TF-IDF
107,0.0178,6.283,4.4,10929.4,raw TF-IDF
108,0.0179,6.268,4.4,10925.5,raw TF-IDF
109,0.0177,6.299,4.4,10927.6,raw TF-IDF
110,0.0178,6.273,4.4,10924.1,raw TF-IDF
111,0.0176,6.247,4.3,10922.0,raw TF-IDF
112,0.0178,6.286,4.3,10920.7,raw TF-IDF
113,0.0174,6.272,4.3,10922.6,raw TF-IDF
114,0.0174,6.237,4.3,10917.8,raw TF-IDF
115,0.0101,6.273,4.3,10907.7,raw TF-IDF
116,0.0172,6.241,4.2,10916.1,raw TF-IDF
117,0.0169,6.263,4.2,10913.4,raw TF-IDF
118,0.0169,6.237,4.2,10911.0,raw TF-IDF
119,0.0132,6.008,4.2,10895.4,raw TF-IDF
120,0.0173,6.196,4.1,10905.7,raw TF-IDF
