antecedents,consequents,support,confidence,lift,leverage,conviction,score
"frozenset({'class', 'object'})",frozenset({'CLASS_PROGRAMMING'}),0.003269576589831617,0.9523809523809524,3.849167020623909,0.002420152137134926,15.80407062285436,0.903680101141536
"frozenset({'teacher', 'student'})",frozenset({'CLASS_EDUCATION'}),0.003351316004577407,0.9318181818181818,4.826360557308906,0.0026569385404854907,11.834995368099824,0.6851344141340626
"frozenset({'class', 'method'})",frozenset({'CLASS_PROGRAMMING'}),0.004086970737289521,0.8928571428571428,3.608594081834914,0.0029544048003605993,7.024031387935258,0.4490422524591902
"frozenset({'method', 'object'})",frozenset({'CLASS_PROGRAMMING'}),0.003269576589831617,0.8888888888888888,3.592555885915648,0.002359478961942305,6.7731731240804285,0.3872914719178005
"frozenset({'rubi', 'rail'})",frozenset({'CLASS_PROGRAMMING'}),0.00384175249305215,0.8392857142857143,3.3920784369248196,0.0027091865561232283,4.682687591956842,0.29024174431670346
"frozenset({'length', 'frame'})",frozenset({'CLASS_EDUCATION'}),0.005149583128984796,0.4701492537313432,2.4351422396906237,0.0030348881247048683,1.5229411453188642,0.10928716416242121
"frozenset({'parent', 'length'})",frozenset({'CLASS_EDUCATION'}),0.005067843714239006,0.4661654135338346,2.414507903968219,0.0029689300159611676,1.511575912891112,0.10760725909136679
"frozenset({'polici', 'privaci'})",frozenset({'CLASS_REFERENCE'}),0.00384175249305215,0.4476190476190476,1.1555542157778915,0.0005171551348347567,1.1090840675787657,0.06874310703981988
"frozenset({'substr', 'length'})",frozenset({'CLASS_EDUCATION'}),0.005394801373222168,0.4285714285714286,2.219789524615943,0.0029644802489004604,1.4121301291482755,0.10371998586314263
"frozenset({'parent', 'document'})",frozenset({'CLASS_EDUCATION'}),0.003106097760340036,0.4175824175824176,2.1628718444975856,0.001669998914149936,1.3854861644473646,0.0772164361796554
"frozenset({'substr', 'parent'})",frozenset({'CLASS_EDUCATION'}),0.008664377963053785,0.3984962406015038,2.0640148211341227,0.004466550566498108,1.3415236226908618,0.12487256109752592
"frozenset({'parent', 'length'})",frozenset({'CLASS_REFERENCE'}),0.004332188981526893,0.3984962406015038,1.0287408751886047,0.00012103232778486097,1.0185088687265,0.06703760832128842
"frozenset({'parent', 'frame'})",frozenset({'CLASS_EDUCATION'}),0.008664377963053785,0.3970037453183521,2.056284428545605,0.004450769260496019,1.338203174738561,0.12456348503447222
"frozenset({'length', 'frame'})",frozenset({'CLASS_REFERENCE'}),0.004332188981526893,0.3955223880597015,1.0210637044782418,8.936949580183855e-05,1.0134981038474036,0.06670780295221496
"frozenset({'length', 'document'})",frozenset({'CLASS_EDUCATION'}),0.0031878371750858263,0.393939393939394,2.040412593333847,0.0016254878808790142,1.3314369789112313,0.0751741766522955
"frozenset({'substr', 'length'})",frozenset({'CLASS_REFERENCE'}),0.004904364884747425,0.38961038961038963,1.0058015417795962,2.8288759361915806e-05,1.0036817519365284,0.07028900820679815
"frozenset({'substr', 'frame'})",frozenset({'CLASS_EDUCATION'}),0.008827856792545365,0.3884892086330935,2.0121833100835165,0.004440653723964619,1.3195703391704894,0.12398244160585391
"frozenset({'substr', 'document'})",frozenset({'CLASS_EDUCATION'}),0.003106097760340036,0.3762376237623763,1.9487261173196069,0.001512185854129046,1.2936520911018217,0.07209830505314764
"frozenset({'length', 'document'})",frozenset({'CLASS_REFERENCE'}),0.0030243583455942455,0.37373737373737376,0.9648244419293164,-0.00011026202072501054,0.9782428135233906,0.05379764813377846
"frozenset({'document', 'frame'})",frozenset({'CLASS_EDUCATION'}),0.003106097760340036,0.37254901960784315,1.9296209593066693,0.001496404548126957,1.2860470819028937,0.0716744598192337
"frozenset({'document', 'frame'})",frozenset({'CLASS_REFERENCE'}),0.003106097760340036,0.37254901960784315,0.9617566376624505,-0.00012351110192828849,0.9763900809220206,0.0544165393380426
"frozenset({'parent', 'frame'})",frozenset({'CLASS_REFERENCE'}),0.008092202059833251,0.37078651685393255,0.957206635828447,-0.0003617740796338347,0.9736550947009505,0.0875867677875631
"frozenset({'substr', 'parent'})",frozenset({'CLASS_REFERENCE'}),0.00801046264508746,0.36842105263157887,0.9511000544196531,-0.0004118506623966029,0.9700084464061902,0.08681690827828148
"frozenset({'substr', 'frame'})",frozenset({'CLASS_REFERENCE'}),0.008255680889324832,0.36330935251798563,0.937903907724211,-0.0005465864019555036,0.9622206890309399,0.0874281199394576
"frozenset({'player', 'flash'})",frozenset({'CLASS_DESIGN'}),0.003351316004577407,0.3360655737704918,1.2458867362146049,0.0006614117723839114,1.0998976743622813,0.06367368345262063
"frozenset({'com', 'script'})",frozenset({'CLASS_DESIGN'}),0.003269576589831617,0.32,1.1863272727272727,0.0005135271716005764,1.073911663733664,0.0614064960894636
"frozenset({'text', 'script'})",frozenset({'CLASS_DESIGN'}),0.004250449566781102,0.31901840490797545,1.1826882320133854,0.0006565611254078251,1.0723636829571108,0.06991325644530832
"frozenset({'com', 'document'})",frozenset({'CLASS_DESIGN'}),0.0035147948340689883,0.31851851851851853,1.1808350168350168,0.0005382614623794645,1.07157707316033,0.06352920239526978
"frozenset({'document', 'script'})",frozenset({'CLASS_DESIGN'}),0.003678273663560569,0.31690140845070425,1.1748399487836108,0.0005474015244501069,1.069040311856934,0.06483598317658672
"frozenset({'type', 'script'})",frozenset({'CLASS_DESIGN'}),0.0045774072257642635,0.3163841807909605,1.1729224447868516,0.0006748412495491104,1.0682314698097835,0.07227284375326785
"frozenset({'com', 'text'})",frozenset({'CLASS_REFERENCE'}),0.0030243583455942455,0.31092436974789917,0.8026690735378346,-0.0007435186603854667,0.889070642790783,0.04889369893212829
"frozenset({'type', 'text'})",frozenset({'CLASS_DESIGN'}),0.004086970737289521,0.3048780487804878,1.1302660753880265,0.0004710339005703961,1.0505493749085808,0.06716101218437373
"frozenset({'com', 'document'})",frozenset({'CLASS_REFERENCE'}),0.003351316004577407,0.30370370370370364,0.7840285104686875,-0.0009231663131306703,0.8798508864378657,0.050935053445798545
